{
    "name": "PI_ingest_formula1_data",
    "properties": {
        "activities": [
            {
                "name": "Get Folder Details",
                "type": "GetMetadata",
                "dependsOn": [],
                "policy": {
                    "timeout": "0.12:00:00",
                    "retry": 0,
                    "retryIntervalInSeconds": 30,
                    "secureOutput": false,
                    "secureInput": false
                },
                "userProperties": [],
                "typeProperties": {
                    "dataset": {
                        "referenceName": "ds_formula1_raw",
                        "type": "DatasetReference",
                        "parameters": {
                            "p_windows_end_date": {
                                "value": "@pipeline().parameters.p_windows_end_date",
                                "type": "Expression"
                            }
                        }
                    },
                    "fieldList": [
                        "exists"
                    ],
                    "storeSettings": {
                        "type": "AzureBlobFSReadSettings",
                        "recursive": true,
                        "enablePartitionDiscovery": false
                    },
                    "formatSettings": {
                        "type": "JsonReadSettings"
                    }
                }
            },
            {
                "name": "If Folder Exist",
                "type": "IfCondition",
                "dependsOn": [
                    {
                        "activity": "Get Folder Details",
                        "dependencyConditions": [
                            "Succeeded"
                        ]
                    }
                ],
                "userProperties": [],
                "typeProperties": {
                    "expression": {
                        "value": "@activity('Get Folder Details').output.Exists",
                        "type": "Expression"
                    },
                    "ifTrueActivities": [
                        {
                            "name": "Ingest_circuits_file",
                            "type": "DatabricksNotebook",
                            "dependsOn": [],
                            "policy": {
                                "timeout": "0.12:00:00",
                                "retry": 0,
                                "retryIntervalInSeconds": 30,
                                "secureOutput": false,
                                "secureInput": false
                            },
                            "userProperties": [],
                            "typeProperties": {
                                "notebookPath": "/Formula1-Project-Solutions/Section-22/ingestion/1.ingest_circuits_file",
                                "baseParameters": {
                                    "p_data_source": {
                                        "value": "@variables('v_data_source')",
                                        "type": "Expression"
                                    },
                                    "p_file_date": {
                                        "value": "@formatDateTime(pipeline().parameters.p_windows_end_date,'yyy-MM-dd')",
                                        "type": "Expression"
                                    }
                                }
                            },
                            "linkedServiceName": {
                                "referenceName": "Is_Databricks_course_ws",
                                "type": "LinkedServiceReference"
                            }
                        },
                        {
                            "name": "Ingest_Races_file",
                            "type": "DatabricksNotebook",
                            "dependsOn": [],
                            "policy": {
                                "timeout": "0.12:00:00",
                                "retry": 0,
                                "retryIntervalInSeconds": 30,
                                "secureOutput": false,
                                "secureInput": false
                            },
                            "userProperties": [],
                            "typeProperties": {
                                "notebookPath": "/Formula1-Project-Solutions/Section-22/ingestion/2.ingest_races_file",
                                "baseParameters": {
                                    "p_data_source": {
                                        "value": "@variables('v_data_source')",
                                        "type": "Expression"
                                    },
                                    "p_file_date": {
                                        "value": "@formatDateTime(pipeline().parameters.p_windows_end_date,'yyy-MM-dd')",
                                        "type": "Expression"
                                    }
                                }
                            },
                            "linkedServiceName": {
                                "referenceName": "Is_Databricks_course_ws",
                                "type": "LinkedServiceReference"
                            }
                        },
                        {
                            "name": "ingest_constructors_file",
                            "type": "DatabricksNotebook",
                            "dependsOn": [],
                            "policy": {
                                "timeout": "0.12:00:00",
                                "retry": 0,
                                "retryIntervalInSeconds": 30,
                                "secureOutput": false,
                                "secureInput": false
                            },
                            "userProperties": [],
                            "typeProperties": {
                                "notebookPath": "/Formula1-Project-Solutions/Section-22/ingestion/3.ingest_constructors_file",
                                "baseParameters": {
                                    "p_data_source": {
                                        "value": "@variables('v_data_source')",
                                        "type": "Expression"
                                    },
                                    "p_file_date": {
                                        "value": "@formatDateTime(pipeline().parameters.p_windows_end_date,'yyy-MM-dd')",
                                        "type": "Expression"
                                    }
                                }
                            },
                            "linkedServiceName": {
                                "referenceName": "Is_Databricks_course_ws",
                                "type": "LinkedServiceReference"
                            }
                        },
                        {
                            "name": "ingest_drivers_file",
                            "type": "DatabricksNotebook",
                            "dependsOn": [],
                            "policy": {
                                "timeout": "0.12:00:00",
                                "retry": 0,
                                "retryIntervalInSeconds": 30,
                                "secureOutput": false,
                                "secureInput": false
                            },
                            "userProperties": [],
                            "typeProperties": {
                                "notebookPath": "/Formula1-Project-Solutions/Section-22/ingestion/4.ingest_drivers_file",
                                "baseParameters": {
                                    "p_data_source": {
                                        "value": "@variables('v_data_source')",
                                        "type": "Expression"
                                    },
                                    "p_file_date": {
                                        "value": "@formatDateTime(pipeline().parameters.p_windows_end_date,'yyy-MM-dd')",
                                        "type": "Expression"
                                    }
                                }
                            },
                            "linkedServiceName": {
                                "referenceName": "Is_Databricks_course_ws",
                                "type": "LinkedServiceReference"
                            }
                        },
                        {
                            "name": "ingest_results_file",
                            "type": "DatabricksNotebook",
                            "dependsOn": [],
                            "policy": {
                                "timeout": "0.12:00:00",
                                "retry": 0,
                                "retryIntervalInSeconds": 30,
                                "secureOutput": false,
                                "secureInput": false
                            },
                            "userProperties": [],
                            "typeProperties": {
                                "notebookPath": "/Formula1-Project-Solutions/Section-22/ingestion/5.ingest_results_file",
                                "baseParameters": {
                                    "p_data_source": {
                                        "value": "@variables('v_data_source')",
                                        "type": "Expression"
                                    },
                                    "p_file_date": {
                                        "value": "@formatDateTime(pipeline().parameters.p_windows_end_date,'yyy-MM-dd')",
                                        "type": "Expression"
                                    }
                                }
                            },
                            "linkedServiceName": {
                                "referenceName": "Is_Databricks_course_ws",
                                "type": "LinkedServiceReference"
                            }
                        },
                        {
                            "name": "ingest_qualifying_file",
                            "type": "DatabricksNotebook",
                            "dependsOn": [],
                            "policy": {
                                "timeout": "0.12:00:00",
                                "retry": 0,
                                "retryIntervalInSeconds": 30,
                                "secureOutput": false,
                                "secureInput": false
                            },
                            "userProperties": [],
                            "typeProperties": {
                                "notebookPath": "/Formula1-Project-Solutions/Section-22/ingestion/8.ingest_qualifying_file",
                                "baseParameters": {
                                    "p_data_source": {
                                        "value": "@variables('v_data_source')",
                                        "type": "Expression"
                                    },
                                    "p_file_date": {
                                        "value": "@formatDateTime(pipeline().parameters.p_windows_end_date,'yyy-MM-dd')",
                                        "type": "Expression"
                                    }
                                }
                            },
                            "linkedServiceName": {
                                "referenceName": "Is_Databricks_course_ws",
                                "type": "LinkedServiceReference"
                            }
                        },
                        {
                            "name": "ingest_lap_times_file",
                            "type": "DatabricksNotebook",
                            "dependsOn": [],
                            "policy": {
                                "timeout": "0.12:00:00",
                                "retry": 0,
                                "retryIntervalInSeconds": 30,
                                "secureOutput": false,
                                "secureInput": false
                            },
                            "userProperties": [],
                            "typeProperties": {
                                "notebookPath": "/Formula1-Project-Solutions/Section-22/ingestion/7.ingest_lap_times_file",
                                "baseParameters": {
                                    "p_data_source": {
                                        "value": "@variables('v_data_source')",
                                        "type": "Expression"
                                    },
                                    "p_file_date": {
                                        "value": "@formatDateTime(pipeline().parameters.p_windows_end_date,'yyy-MM-dd')",
                                        "type": "Expression"
                                    }
                                }
                            },
                            "linkedServiceName": {
                                "referenceName": "Is_Databricks_course_ws",
                                "type": "LinkedServiceReference"
                            }
                        },
                        {
                            "name": "ingest_pit_stops_file",
                            "type": "DatabricksNotebook",
                            "dependsOn": [],
                            "policy": {
                                "timeout": "0.12:00:00",
                                "retry": 0,
                                "retryIntervalInSeconds": 30,
                                "secureOutput": false,
                                "secureInput": false
                            },
                            "userProperties": [],
                            "typeProperties": {
                                "notebookPath": "/Formula1-Project-Solutions/Section-22/ingestion/6.ingest_pit_stops_file",
                                "baseParameters": {
                                    "p_data_source": {
                                        "value": "@variables('v_data_source')",
                                        "type": "Expression"
                                    },
                                    "p_file_date": {
                                        "value": "@formatDateTime(pipeline().parameters.p_windows_end_date,'yyy-MM-dd')",
                                        "type": "Expression"
                                    }
                                }
                            },
                            "linkedServiceName": {
                                "referenceName": "Is_Databricks_course_ws",
                                "type": "LinkedServiceReference"
                            }
                        }
                    ]
                }
            }
        ],
        "concurrency": 1,
        "parameters": {
            "p_windows_end_date": {
                "type": "string"
            }
        },
        "variables": {
            "v_data_source": {
                "type": "String",
                "defaultValue": "Ergast"
            }
        },
        "annotations": [],
        "lastPublishTime": "2023-09-16T10:13:18Z"
    },
    "type": "Microsoft.DataFactory/factories/pipelines"
}