{
    "name": "Is_Databricks_course_ws",
    "type": "Microsoft.DataFactory/factories/linkedservices",
    "properties": {
        "annotations": [],
        "type": "AzureDatabricks",
        "typeProperties": {
            "domain": "https://adb-135487072786363.3.azuredatabricks.net",
            "authentication": "MSI",
            "workspaceResourceId": "/subscriptions/77a69998-fb0e-4b4d-85e0-bbd34e5719ae/resourceGroups/databrickscourse-rg/providers/Microsoft.Databricks/workspaces/databrickscourse-ws",
            "existingClusterId": "0913-142829-ng8j59pz"
        }
    }
}