{
    "now": "2023-09-19T13:14:41.893Z",
    "perfNow": 19779.400000035763,
    "diagnosticCorrelation": "bd17163e-0f03-4a66-9d43-158a44829470",
    "source": "DownloadSupportFiles",
    "environment": {
        "productName": "adf",
        "buildVersion": "1.0.091123.4",
        "environmentType": 3,
        "resourceName": "databricks-course-adf2513",
        "resourceRegion": "southcentralus",
        "resourceGroup": "databrickscourse-rg",
        "subscriptionId": "77a69998-fb0e-4b4d-85e0-bbd34e5719ae",
        "sessionId": "QasdLFV93rDGVfUN8SqvEz",
        "operationId": "",
        "gitType": "live",
        "loggingKey": "e20e7691-2dd9-4746-9deb-9f17ce139dab"
    },
    "additionalInfo": {
        "selectedResource": "PI_TRANSFORM_formula1_data",
        "selectedResourceType": "pipeline"
    }
}