{
    "name": "PI_TRANSFORM_formula1_data",
    "properties": {
        "activities": [
            {
                "name": "Get Folder Details",
                "type": "GetMetadata",
                "dependsOn": [],
                "policy": {
                    "timeout": "0.12:00:00",
                    "retry": 0,
                    "retryIntervalInSeconds": 30,
                    "secureOutput": false,
                    "secureInput": false
                },
                "userProperties": [],
                "typeProperties": {
                    "dataset": {
                        "referenceName": "ds_formula1_raw",
                        "type": "DatasetReference",
                        "parameters": {
                            "p_windows_end_date": {
                                "value": "@pipeline().parameters.p_windows_end_date",
                                "type": "Expression"
                            }
                        }
                    },
                    "fieldList": [
                        "exists"
                    ],
                    "storeSettings": {
                        "type": "AzureBlobFSReadSettings",
                        "recursive": true,
                        "enablePartitionDiscovery": false
                    },
                    "formatSettings": {
                        "type": "JsonReadSettings"
                    }
                }
            },
            {
                "name": "If Folder Exist",
                "type": "IfCondition",
                "dependsOn": [
                    {
                        "activity": "Get Folder Details",
                        "dependencyConditions": [
                            "Succeeded"
                        ]
                    }
                ],
                "userProperties": [],
                "typeProperties": {
                    "expression": {
                        "value": "@activity('Get Folder Details').output.Exists",
                        "type": "Expression"
                    },
                    "ifTrueActivities": [
                        {
                            "name": "trans race results",
                            "type": "DatabricksNotebook",
                            "dependsOn": [],
                            "policy": {
                                "timeout": "0.12:00:00",
                                "retry": 0,
                                "retryIntervalInSeconds": 30,
                                "secureOutput": false,
                                "secureInput": false
                            },
                            "userProperties": [],
                            "typeProperties": {
                                "notebookPath": "/Formula1-Project-Solutions/Section-22/presentation_trans_tablas_puedem_leer_y_escribir/1.race_results",
                                "baseParameters": {
                                    "p_file_date": {
                                        "value": "@formatDateTime(pipeline().parameters.p_windows_end_date,'yyy-MM-dd')",
                                        "type": "Expression"
                                    }
                                }
                            },
                            "linkedServiceName": {
                                "referenceName": "Is_Databricks_course_ws",
                                "type": "LinkedServiceReference"
                            }
                        },
                        {
                            "name": "trans driver_standings",
                            "type": "DatabricksNotebook",
                            "dependsOn": [
                                {
                                    "activity": "trans race results",
                                    "dependencyConditions": [
                                        "Succeeded"
                                    ]
                                }
                            ],
                            "policy": {
                                "timeout": "0.12:00:00",
                                "retry": 0,
                                "retryIntervalInSeconds": 30,
                                "secureOutput": false,
                                "secureInput": false
                            },
                            "userProperties": [],
                            "typeProperties": {
                                "notebookPath": "/Formula1-Project-Solutions/Section-22/presentation_trans_tablas_puedem_leer_y_escribir/2.driver_standings",
                                "baseParameters": {
                                    "p_file_date": {
                                        "value": "@formatDateTime(pipeline().parameters.p_windows_end_date,'yyy-MM-dd')",
                                        "type": "Expression"
                                    }
                                }
                            },
                            "linkedServiceName": {
                                "referenceName": "Is_Databricks_course_ws",
                                "type": "LinkedServiceReference"
                            }
                        },
                        {
                            "name": "trans calculated_race_results",
                            "type": "DatabricksNotebook",
                            "dependsOn": [],
                            "policy": {
                                "timeout": "0.12:00:00",
                                "retry": 0,
                                "retryIntervalInSeconds": 30,
                                "secureOutput": false,
                                "secureInput": false
                            },
                            "userProperties": [],
                            "typeProperties": {
                                "notebookPath": "/Formula1-Project-Solutions/Section-22/presentation_trans_tablas_puedem_leer_y_escribir/4.calculated_race_results",
                                "baseParameters": {
                                    "p_file_date": {
                                        "value": "@formatDateTime(pipeline().parameters.p_windows_end_date,'yyy-MM-dd')",
                                        "type": "Expression"
                                    }
                                }
                            },
                            "linkedServiceName": {
                                "referenceName": "Is_Databricks_course_ws",
                                "type": "LinkedServiceReference"
                            }
                        },
                        {
                            "name": "trans constructor_standings",
                            "type": "DatabricksNotebook",
                            "dependsOn": [
                                {
                                    "activity": "trans race results",
                                    "dependencyConditions": [
                                        "Succeeded"
                                    ]
                                }
                            ],
                            "policy": {
                                "timeout": "0.12:00:00",
                                "retry": 0,
                                "retryIntervalInSeconds": 30,
                                "secureOutput": false,
                                "secureInput": false
                            },
                            "userProperties": [],
                            "typeProperties": {
                                "notebookPath": "/Formula1-Project-Solutions/Section-22/presentation_trans_tablas_puedem_leer_y_escribir/3.constructor_standings",
                                "baseParameters": {
                                    "p_file_date": {
                                        "value": "@formatDateTime(pipeline().parameters.p_windows_end_date,'yyy-MM-dd')",
                                        "type": "Expression"
                                    }
                                }
                            },
                            "linkedServiceName": {
                                "referenceName": "Is_Databricks_course_ws",
                                "type": "LinkedServiceReference"
                            }
                        }
                    ]
                }
            }
        ],
        "concurrency": 1,
        "parameters": {
            "p_windows_end_date": {
                "type": "string"
            }
        },
        "variables": {
            "v_data_source": {
                "type": "String",
                "defaultValue": "Ergast"
            }
        },
        "annotations": [],
        "lastPublishTime": "2023-09-16T14:37:52Z"
    },
    "type": "Microsoft.DataFactory/factories/pipelines"
}