{
    "name": "pl_process_formula1_data",
    "properties": {
        "activities": [
            {
                "name": "Execute Ingestion",
                "type": "ExecutePipeline",
                "dependsOn": [],
                "userProperties": [],
                "typeProperties": {
                    "pipeline": {
                        "referenceName": "PI_ingest_formula1_data",
                        "type": "PipelineReference"
                    },
                    "waitOnCompletion": true,
                    "parameters": {
                        "p_windows_end_date": {
                            "value": "@pipeline().parameters.p_window_end_date",
                            "type": "Expression"
                        }
                    }
                }
            },
            {
                "name": "Execute Transformation",
                "type": "ExecutePipeline",
                "dependsOn": [
                    {
                        "activity": "Execute Ingestion",
                        "dependencyConditions": [
                            "Succeeded"
                        ]
                    }
                ],
                "userProperties": [],
                "typeProperties": {
                    "pipeline": {
                        "referenceName": "PI_TRANSFORM_formula1_data",
                        "type": "PipelineReference"
                    },
                    "waitOnCompletion": true,
                    "parameters": {
                        "p_windows_end_date": {
                            "value": "@pipeline().parameters.p_window_end_date",
                            "type": "Expression"
                        }
                    }
                }
            }
        ],
        "concurrency": 1,
        "parameters": {
            "p_window_end_date": {
                "type": "string"
            }
        },
        "annotations": [],
        "lastPublishTime": "2023-09-16T14:37:52Z"
    },
    "type": "Microsoft.DataFactory/factories/pipelines"
}